{"stats":{"minecraft:crafted":{"minecraft:bone_meal":15},"minecraft:picked_up":{"minecraft:azure_bluet":4,"minecraft:dandelion":17,"minecraft:potato":2,"minecraft:porkchop":3,"minecraft:spider_eye":7,"minecraft:dirt":2221,"minecraft:string":14,"minecraft:leather_helmet":9,"minecraft:bone":8,"minecraft:arrow":4,"minecraft:rotten_flesh":60,"minecraft:slime_ball":19,"minecraft:slime_block":8,"minecraft:wheat_seeds":73,"minecraft:poppy":2,"minecraft:oxeye_daisy":2,"minecraft:egg":10},"minecraft:custom":{"minecraft:time_since_rest":460,"minecraft:sprint_one_cm":326618,"minecraft:damage_taken":4762,"minecraft:walk_one_cm":188025,"minecraft:mob_kills":28,"minecraft:drop":25,"minecraft:animals_bred":2,"minecraft:damage_dealt":3717,"minecraft:fly_one_cm":321975,"minecraft:open_chest":25,"minecraft:crouch_one_cm":53591,"minecraft:play_time":86122,"minecraft:deaths":17,"minecraft:sneak_time":12144,"minecraft:jump":1965,"minecraft:leave_game":1,"minecraft:time_since_death":426,"minecraft:total_world_time":86122,"minecraft:fall_one_cm":48851},"minecraft:killed_by":{"minecraft:player":2,"minecraft:slime":2,"minecraft:skeleton":1,"minecraft:creeper":1,"minecraft:spider":2,"minecraft:zombie":4},"minecraft:mined":{"minecraft:dandelion":18,"minecraft:azure_bluet":4,"minecraft:short_grass":120,"minecraft:poppy":2,"minecraft:grass_block":144,"minecraft:dirt":775,"minecraft:tall_grass":23,"minecraft:slime_block":3,"minecraft:oxeye_daisy":2},"minecraft:used":{"minecraft:slime_block":2,"minecraft:leather_helmet":8,"minecraft:chest":1,"minecraft:leather_boots":1,"minecraft:rotten_flesh":7,"minecraft:dirt":1489,"minecraft:porkchop":7,"minecraft:egg":10,"minecraft:bone_meal":6},"minecraft:killed":{"minecraft:zombie":7,"minecraft:pig":1,"minecraft:spider":4,"minecraft:slime":14},"minecraft:dropped":{"minecraft:poppy":1,"minecraft:dirt":21,"minecraft:slime_ball":2,"minecraft:azure_bluet":1}},"DataVersion":3953}