{"stats":{"minecraft:crafted":{"minecraft:blue_dye":2,"minecraft:red_dye":4,"minecraft:leather_boots":1,"minecraft:slime_block":2,"minecraft:leather_helmet":1,"minecraft:bone_meal":15},"minecraft:picked_up":{"minecraft:azure_bluet":1,"minecraft:leather":7,"minecraft:dandelion":45,"minecraft:porkchop":7,"minecraft:dirt":1467,"minecraft:cornflower":4,"minecraft:string":6,"minecraft:leather_helmet":5,"minecraft:leather_boots":4,"minecraft:bone":10,"minecraft:arrow":23,"minecraft:rotten_flesh":94,"minecraft:slime_ball":19,"minecraft:slime_block":15,"minecraft:wheat_seeds":123,"minecraft:beef":8,"minecraft:blue_dye":6,"minecraft:red_dye":4,"minecraft:poppy":8,"minecraft:mutton":4,"minecraft:white_wool":2,"minecraft:egg":5,"minecraft:oxeye_daisy":6},"minecraft:custom":{"minecraft:time_since_rest":5955,"minecraft:sprint_one_cm":267579,"minecraft:damage_taken":5688,"minecraft:walk_one_cm":149246,"minecraft:mob_kills":33,"minecraft:drop":3,"minecraft:damage_dealt":4013,"minecraft:interact_with_crafting_table":6,"minecraft:fly_one_cm":707062,"minecraft:player_kills":1,"minecraft:open_chest":17,"minecraft:play_time":81379,"minecraft:crouch_one_cm":26207,"minecraft:sneak_time":12654,"minecraft:deaths":20,"minecraft:jump":2601,"minecraft:leave_game":2,"minecraft:time_since_death":5932,"minecraft:total_world_time":81379,"minecraft:fall_one_cm":129463},"minecraft:killed_by":{"minecraft:slime":3,"minecraft:skeleton":4,"minecraft:creeper":2,"minecraft:zombie":2,"minecraft:enderman":1},"minecraft:mined":{"minecraft:dandelion":14,"minecraft:cornflower":2,"minecraft:azure_bluet":1,"minecraft:short_grass":163,"minecraft:grass_block":219,"minecraft:poppy":4,"minecraft:dirt":312,"minecraft:tall_grass":18,"minecraft:slime_block":10,"minecraft:oxeye_daisy":2},"minecraft:used":{"minecraft:slime_block":13,"minecraft:leather_helmet":1,"minecraft:leather_boots":1,"minecraft:dirt":348,"minecraft:rotten_flesh":19,"minecraft:beef":8,"minecraft:bone_meal":15},"minecraft:dropped":{"minecraft:wheat_seeds":3,"minecraft:slime_ball":1,"minecraft:leather_helmet":1},"minecraft:killed":{"minecraft:sheep":2,"minecraft:skeleton":2,"minecraft:zombie":9,"minecraft:pig":4,"minecraft:spider":2,"minecraft:slime":11,"minecraft:cow":3}},"DataVersion":3953}