{"stats":{"minecraft:crafted":{"minecraft:crafting_table":1,"minecraft:spruce_planks":4,"minecraft:slime_block":2,"minecraft:leather_helmet":1},"minecraft:picked_up":{"minecraft:azure_bluet":1,"minecraft:leather":11,"minecraft:dandelion":15,"minecraft:carrot":1,"minecraft:gunpowder":1,"minecraft:dirt":1558,"minecraft:spider_eye":2,"minecraft:string":6,"minecraft:leather_helmet":5,"minecraft:leather_boots":1,"minecraft:bone":2,"minecraft:arrow":6,"minecraft:rotten_flesh":45,"minecraft:slime_ball":84,"minecraft:slime_block":5,"minecraft:wheat_seeds":3,"minecraft:beef":14,"minecraft:blue_dye":2,"minecraft:red_dye":4,"minecraft:poppy":1,"minecraft:ender_pearl":1,"minecraft:egg":3,"minecraft:oxeye_daisy":2},"minecraft:custom":{"minecraft:time_since_rest":69,"minecraft:sprint_one_cm":175692,"minecraft:damage_taken":6608,"minecraft:walk_one_cm":309554,"minecraft:mob_kills":67,"minecraft:drop":1,"minecraft:animals_bred":1,"minecraft:damage_dealt":6647,"minecraft:interact_with_crafting_table":7,"minecraft:fly_one_cm":474753,"minecraft:player_kills":1,"minecraft:open_chest":26,"minecraft:play_time":69926,"minecraft:crouch_one_cm":15029,"minecraft:deaths":26,"minecraft:sneak_time":4804,"minecraft:jump":2349,"minecraft:leave_game":2,"minecraft:time_since_death":46,"minecraft:total_world_time":69926,"minecraft:fall_one_cm":48653},"minecraft:killed_by":{"minecraft:slime":4,"minecraft:skeleton":8,"minecraft:spider":1,"minecraft:witch":2,"minecraft:zombie":5},"minecraft:mined":{"minecraft:grass_block":153,"minecraft:dirt":287,"minecraft:slime_block":4},"minecraft:used":{"minecraft:slime_block":5,"minecraft:poppy":1,"minecraft:leather_helmet":4,"minecraft:dirt":176,"minecraft:crafting_table":1,"minecraft:azure_bluet":1},"minecraft:dropped":{"minecraft:dirt":64},"minecraft:killed":{"minecraft:skeleton":1,"minecraft:zombie":22,"minecraft:spider":2,"minecraft:slime":33,"minecraft:enderman":1,"minecraft:cow":6}},"DataVersion":3953}