{"stats":{"minecraft:picked_up":{"minecraft:feather":1,"minecraft:chicken":1,"minecraft:slime_ball":6,"minecraft:dirt":5,"minecraft:egg":2},"minecraft:custom":{"minecraft:time_since_rest":380,"minecraft:sneak_time":557,"minecraft:crouch_one_cm":1173,"minecraft:walk_one_cm":6717,"minecraft:play_time":4754,"minecraft:sprint_one_cm":15234,"minecraft:damage_taken":1160,"minecraft:deaths":4,"minecraft:mob_kills":1,"minecraft:drop":2,"minecraft:jump":144,"minecraft:damage_dealt":61,"minecraft:time_since_death":356,"minecraft:total_world_time":4754,"minecraft:fall_one_cm":9362,"minecraft:fly_one_cm":23393},"minecraft:killed_by":{"minecraft:skeleton":1},"minecraft:mined":{"minecraft:dirt":5},"minecraft:killed":{"minecraft:slime":1},"minecraft:used":{"minecraft:dirt":5},"minecraft:dropped":{"minecraft:slime_ball":2}},"DataVersion":3953}